date,0
20190102,-0.0028379988533346
20190103,0.0045038217994583
20190104,0.0401634410626029
20190107,0.0090888994691096
20190108,0.0152221521528771
20190109,0.0027798796879026
20190110,-0.0015371681578862
20190111,-0.0033030889341689
20190114,-0.0018424045178417
20190115,0.0039718663217001
20190116,-0.000348281332331
20190117,-0.0002788526794574
20190118,-0.0020353255551597
20190121,0.0040499333859068
20190122,0.0052628572336249
20190123,0.0041641392533939
20190124,-0.0036500055148364
20190125,-0.0028795635872093
20190128,-0.0088537638344992
20190129,-0.0047726732160853
20190130,0.0180324425213969
20190131,0.0112424469778836
20190201,0.0346217506082153
20190211,0.0228238500837869
20190212,0.0205900064926573
20190213,0.0239278377723697
20190214,0.0029739615199825
20190215,0.0206920369930187
20190218,0.0476967299120623
20190219,0.0014400491053139
20190220,0.0010793857284108
20190221,0.0104484588512482
20190222,0.0367585452559632
20190225,0.0067673313370896
20190226,0.00495987425555
20190227,-0.0022997979212504
20190228,0.0099123952407828
20190301,0.0091577174333788
20190304,0.0138973829077464
20190305,0.0584092089746454
20190306,0.0220120580339877
20190307,0.0014006878535457
20190308,0.0159816688614765
20190311,0.0107853520045923
20190312,-0.0015567067458805
20190313,-0.0223688635844244
20190314,0.0014328776983643
20190315,0.0113788582227067
20190318,0.00045580623444
20190319,-0.0036461231360226
20190320,0.0207571710195281
20190321,0.0028254819158609
20190322,-0.0115744647763756
20190325,0.0066658500485023
20190326,-0.0069972127241863
20190327,-0.0005595297834773
20190328,0.0093960437078469
20190329,0.018316918670206
20190401,0.0215870349843101
20190402,0.007588593642659
20190403,0.0224780701991556
20190404,0.0113808454690383
20190408,-0.0145116643107958
20190409,0.0069061583691708
20190410,-0.0042016989505368
20190411,-0.0095204257596754
20190412,0.0047130734873828
20190415,0.0006958299083576
20190416,0.0035098336900025
20190417,-0.0057672951309574
20190418,0.008648734008433
20190419,-0.0010558058240964
20190422,0.0038390945530006
20190423,-0.0020346376308186
20190424,-0.0100074036048277
20190425,-0.0295448439422659
20190426,-0.0265725376353283
20190429,-0.0125171663544828
20190430,-0.0392477708831293
20190506,0.0009053682840515
20190507,0.0076898823645602
20190508,0.0037968329554251
20190509,0.0224384647576652
20190510,0.0067828541809376
20190513,0.0024087077712129
20190514,0.0298983733440551
20190515,0.0093509196617003
20190516,-0.0081370239031738
20190517,-0.011838209416055
20190520,0.02037721225683
20190521,0.00019457321599
20190522,-0.0191095040310231
20190523,-0.0048991090523181
20190524,0.0152893658512209
20190527,0.0143559325693319
20190528,0.0075262483336435
20190529,0.0145336298031955
20190530,0.0127716799074617
20190531,-0.0042162086647649
20190603,-0.0027948884701421
20190604,2.392752596472314e-06
20190605,-0.0034149085702318
20190606,0.0066749292947907
20190610,0.0221726528239783
20190611,0.0230063436547145
20190612,0.0074484729121249
20190613,-0.0051660006946788
20190614,-0.003581272196266
20190617,0.0027223675036214
20190618,0.0040869658119991
20190619,0.0037719645237844
20190620,0.0282251743011634
20190621,0.004450475378535
20190624,-0.0010142157529617
20190625,-0.0005466398812847
20190626,0.0030626563419993
20190627,-0.0087065866159045
20190628,0.0116471253379836
20190701,-0.0003284804658922
20190702,-0.0019367866902294
20190703,-0.0023745294495683
20190704,-0.0033522267021904
20190705,-0.0079407907138584
20190708,-0.00703234622994
20190709,-0.0004651620705783
20190710,-0.0004674000438353
20190711,-0.0040124335649977
20190712,0.0103892717073339
20190715,0.0100627430265645
20190716,-0.0028081503979899
20190717,-0.007281023452873
20190718,0.0006284232115598
20190719,-0.0173510400008209
20190722,0.0055295631020695
20190723,0.0104377703795852
20190724,0.0034752757072455
20190725,-0.0015408259595015
20190726,-0.0033308592746479
20190729,0.0022459848754059
20190730,-0.0013338055106601
20190731,-0.0019389682339638
20190801,-0.0059639115886207
20190802,0.0034743356084679
20190805,0.0015093133954963
20190806,-0.0038772399981632
20190807,-0.00597039455505
20190808,-0.0017476167311654
20190809,0.0066528395494021
20190812,-0.0007798857954018
20190813,0.0013856621182663
20190814,0.009007863466447
20190815,0.0514111412105871
20190816,0.0132653415469846
20190819,0.0118214389823273
20190820,-0.0010118849822393
20190821,0.009265748584212
20190822,0.0291827141811431
20190823,0.0006985239958826
20190826,0.010514332280193
20190827,-0.0007712831026828
20190828,-0.0005155319171035
20190829,-0.0061506720536614
20190830,0.0071898905572592
20190902,0.0113789111826483
20190903,0.0105385123568137
20190904,0.0057305398917222
20190905,0.0020869379106693
20190906,0.0195105135696749
20190909,0.0081200415087676
20190910,-0.0037538152054464
20190911,-0.0034229549936933
20190912,0.0083751387756355
20190916,0.0113732731259705
20190917,-0.0015785901831941
20190918,0.0041486534204212
20190919,0.0114097699025645
20190920,0.0049282135624822
20190923,0.0025016007591721
20190924,-0.0065736336817316
20190925,-0.0093674346900575
20190926,-0.0066456592055924
20190927,0.0003787349065373
20190930,0.0035268347888442
20191008,0.0078507785442643
20191009,0.0146240823916062
20191010,8.073052067513768e-05
20191011,0.0016364388347097
20191014,0.0080893323709131
20191015,-0.004794134771207
20191016,-0.0061650044194451
20191017,-0.0053347804753135
20191018,-0.0098560758357095
20191021,0.0131038940924963
20191022,0.0068518366048206
20191023,0.001839518501692
20191024,0.0027233940228362
20191025,0.0045420148884796
20191028,-0.0049428717740188
20191029,-0.0018589000342086
20191030,-0.0131780934634886
20191031,-0.0034249605004139
20191101,0.0058308391045878
20191104,-0.0010422865527026
20191105,-0.0025737990744645
20191106,0.0044847408068537
20191107,0.0048027248380108
20191108,-0.0084128926388527
20191111,0.008696810449923
20191112,0.0053997043850568
20191113,0.003666783076736
20191114,-0.0017285805973108
20191115,0.0026507242483586
20191118,0.0283612378622548
20191119,0.0098878549958724
20191120,-0.006056500626031
20191121,-0.0072470120262334
20191122,-0.0110175236788914
20191125,-0.0006661014797712
20191126,0.003213635087803
20191127,0.000460979202097
20191128,0.0018552758438464
20191129,-0.0030546058128642
20191202,-0.0012519378159363
20191203,0.0036030656274293
20191204,0.0083557690048348
20191205,0.0048000025726633
20191206,0.0057898863880781
20191209,0.0070082179426075
20191210,0.0042523429855088
20191211,-7.272060689824112e-05
20191212,0.003362897514833
20191213,0.0098136679663768
20191216,0.0115706140547797
20191217,0.0039098647412389
20191218,0.0087230511360468
20191219,-0.0087111449393093
20191220,-0.0122413531197675
20191223,0.0099462796818403
20191224,0.0078313847196363
20191225,0.0028624250032704
20191226,-0.0007242871077697
20191227,-0.0072761473152897
20191230,0.0064750473745337
20191231,0.017991255907535
20200102,0.0068183688178579
20200103,0.015579513273326
20200106,0.0161928314745043
20200107,-0.0018644528154647
20200108,0.0053255996932611
20200109,-0.0017873171442616
20200110,0.0092451319524793
20200113,0.0025943620827579
20200114,-0.005072113055946
20200115,0.0033365726315599
20200116,-0.0005948613932308
20200117,0.0017079701632055
20200120,0.0004220700921943
20200121,-0.0069696269184101
20200122,-0.0102838116483752
20200123,-0.0170055373098889
20200203,0.0049253940551398
20200204,0.0475428932458733
20200205,0.0244938690787367
20200206,0.0177603581841752
20200207,0.008248767304778
20200210,-0.0047565357167229
20200211,0.0023982929128803
20200212,0.0071219768091017
20200213,-0.0053889137643352
20200214,0.0120899917368074
20200217,0.0309264556129594
20200218,0.0046785152666028
20200219,0.0193234928172672
20200220,0.0160685262137691
20200221,0.022322064613397
20200224,0.0196977499100584
20200225,0.0048948203911801
20200226,0.0007989158793901
20200227,-0.0162051089062814
20200228,0.0306034982849337
20200302,0.0197009934341143
20200303,0.0019189619644594
20200304,0.0183474364644795
20200305,0.0032734373766322
20200306,0.005228096447684
20200309,-0.0029127599529813
20200310,0.0234802407100644
20200311,-0.0054741336016277
20200312,-0.0033635577951774
20200313,0.0050480718634915
20200316,-0.0118776560978678
20200317,-0.0109437525017017
20200318,-0.0028886991366501
20200319,0.0230644314082853
20200320,-0.0152291551146359
20200323,-0.0090459236040847
20200324,0.0162686922499338
20200325,0.0001126823886221
20200326,0.0035571765035206
20200327,-0.0225145822808591
20200330,0.0093051419390154
20200331,0.000304179346147
20200401,0.0154589519165366
20200402,0.0035534202250552
20200403,0.0292039721246945
20200407,0.0156112059940928
20200408,0.0034360513556928
20200409,0.0003699324481822
20200410,0.0010782732076088
20200413,0.0092656156426221
20200414,0.0006863683374637
20200415,-0.0058371449443378
20200416,0.003231480874393
20200417,0.000783051258494
20200420,0.0141379085104908
20200421,0.0093662531064338
20200422,-0.0013334484477881
20200423,-0.0121841300793732
20200424,-0.0152225144084525
20200427,-0.0090761533489529
20200428,-0.0065820502065387
20200429,0.004207163294579
20200430,0.0211335699025989
20200506,0.0225914155793592
20200507,0.0053407938302662
20200508,0.0163905043056955
20200511,0.0095273287155265
20200512,0.0029253859650775
20200513,-0.004675386530624
20200514,0.0108579363956368
20200515,-0.0138277907365579
20200518,0.0056156615994208
20200519,0.0043251913853532
20200520,-0.0083949612507579
20200521,-0.0072192144430103
20200522,-0.0108658998690772
20200525,0.0085186024910514
20200526,0.0158708997788767
20200527,-0.0071651481071407
20200528,0.0003493365392041
20200529,0.0088672176092913
20200601,0.0156074167857512
20200602,0.0051023921123317
20200603,0.0123567502059756
20200604,0.0207876814957975
20200605,-0.0031218275853378
20200608,0.0009312493119376
20200609,-0.0071175558676383
20200610,-0.0032859118982404
20200611,0.0011542915526574
20200612,0.0069292730352741
20200615,0.0023105959089764
20200616,-0.002944836404613
20200617,0.0004588100573963
20200618,0.0043476302226252
20200619,-0.001915224311654
20200622,0.0044194303151054
20200623,-0.0002031004825243
20200624,0.015087200960271
20200629,0.0022468909533148
20200630,0.0061442747265353
20200701,0.0171840713374755
20200702,0.0128424622144714
20200703,0.0373287586060481
20200706,0.031436599598743
20200707,0.014991129693466
20200708,0.0280083864938616
20200709,0.0089675573207774
20200710,0.010303269021956
20200713,-0.0001445748760329
20200714,-0.0122770302159294
20200715,-0.0353669277200586
20200716,-0.0269032641039537
20200717,0.0268006725912944
20200720,0.000762234576103
20200721,-0.0009097449007741
20200722,0.0125983662829937
20200723,-0.0138461660633126
20200724,-0.0129639602452702
20200727,0.0147395854056008
20200728,0.0050798571525425
20200729,0.0185630151698832
20200730,0.0061018676462831
20200731,0.0249274100548963
20200803,0.0231918573634413
20200804,0.012804263882411
20200805,0.0048024925821442
20200806,0.0005655656084004
20200807,0.0097624731770889
20200810,-0.0077969458049124
20200811,-0.0101883580165539
20200812,0.0016984584743174
20200813,-0.0048757008054002
20200814,0.020732896821825
20200817,0.0210096958261487
20200818,0.0016215825592869
20200819,-0.0109811532060455
20200820,-0.005712102317417
20200821,0.006150195634799
20200824,0.0016721147473173
20200825,-0.0093042955667999
20200826,-0.0143586967902615
20200827,0.0043501927167621
20200828,0.010961234361728
20200831,0.0041704712568573
20200901,0.0036537747591584
20200902,-0.0030238507290621
20200903,0.0026511530358989
20200904,0.0013793761887398
20200907,0.005271167783727
20200908,-0.0099805660961646
20200909,-0.0166879053245929
20200910,-0.0116501802639215
20200911,0.0176525871005789
20200914,0.0052941521583372
20200915,0.005112957153416
20200916,0.0061490287442796
20200917,-0.0012781488345484
20200918,0.0134755805370572
20200921,-0.0150635562256861
20200922,0.0008407303898563
20200923,-0.00077903449273
20200924,-0.0018419865489485
20200925,-0.0083280815569107
20200928,-0.0120243815480637
20200929,-0.0029550933493449
20200930,0.0176203286811603
20201009,0.0265409661992767
20201012,0.0072818178816617
20201013,-0.0059150778379728
20201014,-0.0013172686109307
20201015,-0.0029751021907202
20201016,0.001307107757965
20201019,0.0042927248879042
20201020,0.0018262155917122
20201021,-0.0073453796883889
20201022,0.0003928696031639
20201023,-0.0083193539172287
20201026,0.0035285886353606
20201027,0.0010851693966902
20201028,0.0005841607128353
20201029,-0.0082232703846029
20201030,-0.0052709948140327
20201102,0.0152441164956336
20201103,0.0023449465202707
20201104,0.00212497744235
20201105,0.0002577099997623
20201106,0.0070872562328265
20201109,0.0105763143826418
20201110,-0.0038659476062785
20201111,0.0043181838152457
20201112,0.0100457389107131
20201113,0.0035186608189804
20201116,0.0004282109344325
20201117,0.0056205624922086
20201118,0.0029834161636201
20201119,8.368308548775978e-05
20201120,0.0139090858248393
20201123,0.0173291389266184
20201124,-0.0047048686726348
20201125,-0.0081798764389482
20201126,-0.000634998305847
20201127,-0.0013280241081967
20201130,-0.003312364517636
20201201,0.0005519838630635
20201202,0.00402156393288
20201203,-0.0015867530387625
20201204,0.0004511449677545
20201207,0.0024939834684326
20201208,-0.0062394706281069
20201209,-0.0044377395729267
20201210,0.0058609934406442
20201211,0.0056169246513902
20201214,0.0048964688072499
20201215,-0.0056457240946703
20201216,0.000596961418181
20201217,0.0288915146249676
20201218,0.0002898250438689
20201221,0.0032884381522731
20201222,0.0040396038033881
20201223,0.0035162121937839
20201224,0.0300813603211995
20201225,-0.0054636313240215
20201228,0.009034570334378
20201229,-0.0032673661626583
20201230,0.0146092917346954
20201231,0.0247590023450647
20210104,0.0023617541747645
20210105,-0.0154198706656083
20210106,-0.0129841528103434
20210107,-0.0026015566880979
20210108,-0.0034699802543793
20210111,0.0009889706228906
20210112,-0.0037455697622355
20210113,-0.0165807795486593
20210114,0.0067573808194422
20210115,0.0169165938923483
20210118,0.0068084186787073
20210119,0.0008616854515446
20210120,0.0067565365640016
20210121,0.0030051227373912
20210122,-0.0007946032825511
20210125,-0.0132073919909999
20210126,-0.0018677691385394
20210127,0.0087837746203567
20210128,-0.0126010521191425
20210129,-0.0032305003845197
20210201,0.009341704968531
20210202,-0.0083179284004532
20210203,-0.0209894416696494
20210204,-0.0054717275204562
20210205,-0.0185493114983599
20210208,0.0204663463112326
20210209,-6.519279593808491e-05
20210210,0.0406080430107766
20210218,0.0429095815616228
20210219,0.0319855067784174
20210222,0.0016999611266028
20210223,-0.0058640105618035
20210224,0.0112177813095462
20210225,-0.0047300712264704
20210226,0.0251983206611322
20210301,0.0017387486425278
20210302,0.0161897359646383
20210303,0.010522271435534
20210304,0.0026657855602997
20210305,-0.0010544639442991
20210308,-0.0197566277404777
20210309,-0.0128192704901297
20210310,0.0030204575753035
20210311,0.0164989947160451
20210312,0.0028309273378167
20210315,0.011415108898426
20210316,0.0190686639644678
20210317,0.009191899747584
20210318,0.0061555813837571
20210319,0.0124750583432406
20210322,-5.823328193493571e-05
20210323,-0.0041460504224478
20210324,0.0039549508751585
20210325,0.0130614358114761
20210326,0.0210748838593453
20210329,0.0017414622634034
20210330,0.0016314709152805
20210331,0.0187761540106504
20210401,0.0081879721754947
20210402,-0.0017412378772548
20210406,0.0174812134323553
20210407,0.0105901942680809
20210408,0.0137960805747744
20210409,-0.0080866197571349
20210412,-0.0010314639733536
20210413,0.0011845806117102
20210414,0.0041058517696741
20210415,0.0049278381094194
20210416,-5.732575876679913e-05
20210419,-0.0016310014044869
20210420,0.0001429475747696
20210421,-0.0003918484904232
20210422,0.0005710210907674
20210423,0.0043878292457867
20210426,-0.0097689891322648
20210427,0.0004319628246348
20210428,0.0035322854717969
20210429,-0.0038188715929785
20210430,0.0150998560034294
20210506,0.0067752485980097
20210507,0.0102929024056596
20210510,0.0047024386336638
20210511,0.0042434415090726
20210512,0.0052263132793726
20210513,0.0150381726682065
20210514,-0.0013926638680867
20210517,0.0150370102657205
20210518,0.0103064668332204
20210519,0.0179404007533527
20210520,0.0130516756577985
20210521,0.0182211172006559
20210524,0.0093292873760054
20210525,0.0084394419605226
20210526,0.0067594227722477
20210527,0.0260154015626997
20210528,0.0133598462456687
20210531,0.0097114309643581
20210601,0.0030057412359197
20210602,-0.0018918658333461
20210603,-0.0081527054999863
20210604,0.0183246617056114
20210607,0.001995914216904
20210608,-0.0063883152572188
20210609,0.0060908775273808
20210610,-0.0050111776337296
20210611,-0.0093952658531806
20210615,-0.0035400953735052
20210616,0.0083032783162468
20210617,0.0155013348126167
20210618,0.0080523584530683
20210621,0.0078118065015128
20210622,0.0086077200536617
20210623,3.677843665456926e-05
20210624,0.0013674948176617
20210625,0.0079325099646452
20210628,0.0008011849004517
20210629,-0.0056217355150686
20210630,-0.0094930744313342
20210701,-0.0057523586911803
20210702,0.0229308504338595
20210705,0.0174201991861304
20210706,0.0072208497897346
20210707,0.0083473029318708
20210708,-0.001047997022819
20210709,0.022493008215667
20210712,0.0036541660599822
20210713,-0.0022541336685066
20210714,-0.0041849079646656
20210715,0.0078482906213633
20210716,-0.004156576479032
20210719,-0.0095267965157264
20210720,0.0097369745228227
20210721,0.0051939183118271
20210722,0.0055379198178473
20210723,-0.0012772757494738
20210726,-0.016217723519293
20210727,-0.0210840238275355
20210728,0.0181880459617204
20210729,0.0170080294990038
20210730,0.0126421573414476
20210802,0.0060575745267212
20210803,-0.000153304491601
20210804,0.0105591722930814
20210805,0.007487388190844
20210806,0.0068140312382178
20210809,0.0088445002863314
20210810,0.0215481695259815
20210811,0.0084375168342639
20210812,-0.002909694021837
20210813,0.0005393563213022
20210816,0.0037859645022809
20210817,0.0027788882931076
20210818,-0.0035207377740065
20210819,0.0023976654862484
20210820,0.0080139374763196
20210823,0.0129893961626041
20210824,0.0113424280352012
20210825,0.0132943604531439
20210826,0.0083753498063133
20210827,0.0143604775174421
20210830,-0.0013930793182662
20210831,-0.0010691021926448
20210901,-0.0009310748908017
20210902,0.0058461051409514
20210903,-0.0084662088037514
20210906,0.0121129616134099
20210907,0.0108195235904421
20210908,0.0019255838450992
20210909,-0.0079038664140002
20210910,-0.0034449666335204
20210913,0.0070744026949567
20210914,0.0027923703244498
20210915,0.0013725716917986
20210916,-0.0125509710518739
20210917,0.0179163490191293
20210922,0.0165887246437791
20210923,-0.0138653748280382
20210924,-0.0331366531731902
20210927,-0.0043140396187133
20210928,-0.0070224659709545
20210929,-0.0048055128905372
20210930,0.0178522055318696
20211008,-0.0084187608509624
20211011,-0.000387559217228
20211012,-0.0113686560557288
20211013,0.0067708270305562
20211014,-0.002977292055134
20211015,0.0043523642909691
20211018,0.0127783795533506
20211019,0.0018009991789681
20211020,-0.00520291195295
20211021,-0.005121605743922
20211022,-0.0012169815940437
20211025,-0.0012162472548664
20211026,0.001207628802898
20211027,-0.0102522942669986
20211028,0.0081559874669389
20211029,0.016657629347731
20211101,0.0030462833866685
20211102,-0.0056125675470567
20211103,0.019582029046296
20211104,0.0001339898020893
20211105,-0.000454072750717
20211108,0.0105209880503818
20211109,-0.001392963213166
20211110,0.0001758369108506
20211111,0.0088580528454873
20211112,0.0057302498062606
20211115,-0.0071158195179045
20211116,-0.0018122636622052
20211117,0.0126427246370074
20211118,-0.0021651537811009
20211119,0.0087959193434522
20211122,0.0125625432184915
20211123,0.0018180694984746
20211124,-0.0034470273168933
20211125,-0.0032459994957615
20211126,-0.0018449013477897
20211129,0.0016200195885597
20211130,0.0058502295695969
20211201,0.0332027856026847
20211202,-0.00274807002672
20211203,-0.0034437445296409
20211206,0.0071664128163084
20211207,0.0011626014236917
20211208,0.0155814299132349
20211209,0.0144939229654656
20211210,0.0248962548541152
20211213,0.0084421183794566
20211214,0.0087443401230294
20211215,0.0062326481268241
20211216,0.0198300280560462
20211217,-0.0003571619715087
20211220,0.0169258034678026
20211221,0.0065712943186244
20211222,0.0023564960668476
20211223,-0.0016181053485429
20211224,-0.0209375161366898
20211227,-0.0061294615999541
20211228,-0.0038678415838573
20211229,0.017796716772042
20211230,0.0053116139515922
20211231,0.0105884361016478
20220104,0.0190416769315618
20220105,0.0008541641774423
20220106,-0.0016854000939055
20220107,0.0166236913811648
20220110,0.006708577593396
20220111,-0.0034168891291979
20220112,0.0030265788063171
20220113,-0.0061409556477019
20220114,0.0021878371559441
20220117,0.0040610713387753
20220118,-0.0012265072584004
20220119,-0.012610697834329
20220120,0.0027162221276654
20220121,0.0031908377243221
20220124,-0.010515567138541
20220125,-0.0177416635089687
20220126,-0.0311168009576618
20220127,-0.0011981021708427
20220128,0.0017752409701303
20220207,0.0232904127577406
20220208,0.0134058915680876
20220209,0.0237873020862063
20220210,-0.0056019354246966
20220211,-0.0036751030817312
20220214,0.003561335354066
20220215,0.0114958151379123
20220216,0.0052249473177836
20220217,0.0058694122606448
20220218,0.0297715469326644
20220221,-0.0030945295744595
20220222,-0.0013979004992255
20220223,-0.0010913243284959
20220224,0.0120208517553747
20220225,-0.0062615951527589
20220228,0.0061475146680687
20220301,0.0020751908378191
20220302,0.0130864281954464
20220303,-0.0058135694151857
20220304,-0.0119282081927896
20220307,-0.0192731992713938
20220308,-0.0019503764132427
20220309,0.012759495633357
20220310,0.0078303746987608
20220311,0.0061648533433916
20220314,-0.0033057961510461
20220315,0.0166333257810962
20220316,0.0185111546948291
20220317,0.0258780530997888
20220318,0.0243304806270054
20220321,0.0038493766318359
20220322,-0.0035379957388688
20220323,-0.0209682185837767
20220324,0.0001207150775963
20220325,-0.0052785716282631
20220328,-0.0007491191205394
20220329,0.0011585742212945
20220330,0.0064850634384265
20220331,0.0151469655762713
20220401,0.0097782142847403
20220406,0.0017977819092703
20220407,-0.015838410936715
20220408,-0.0085394804527859
20220411,0.0058153664693083
20220412,-0.0069044782357297
20220413,0.0003725837540893
20220414,-0.0185430476478287
20220415,-0.017653571168112
20220418,0.0107917199731836
20220419,0.0004713822985279
20220420,-0.0363152260686056
20220421,-0.0120601985389334
20220422,-0.0014885324508501
20220425,0.0432836785043687
20220426,0.0005730862575232
20220427,0.0119430495219151
20220428,0.0139236829728573
20220429,0.032902605696933
20220505,-0.0058729643420812
20220506,0.0285342200087204
20220509,0.0234509108335856
20220510,0.0095552093608824
20220511,0.0035782965695154
20220512,0.008088768589183
20220513,0.0059111654648955
20220516,0.0008959984532066
20220517,0.0122736060439493
20220518,0.0012043772852961
20220519,0.0179817778579547
20220520,0.009882173836753
20220523,-0.0173520377378974
20220524,-0.0029775154404214
20220525,0.0071994415857087
20220526,0.0081942707890551
20220527,0.0013060195739223
20220530,-0.0006004116678751
20220531,0.0066308689830343
20220601,0.0215378107544487
20220602,0.0031341478405281
20220606,-0.0020684968711634
20220607,-0.0014020761406618
20220608,-0.0114854173934732
20220609,0.0026935617096871
20220610,0.0095867961585924
20220613,-0.0047663392866142
20220614,0.001045468278641
20220615,-0.00496269182558
20220616,0.0056266554587236
20220617,0.0131945380149527
20220620,0.012803327123687
20220621,-0.0075144644184789
20220622,0.00775712842471
20220623,0.0148635842162858
20220624,0.0014616392633948
20220627,0.0028330907564093
20220628,0.002277670571786
20220629,-0.0089184785719665
20220630,-0.0019368231219909
20220701,0.0172198538201305
20220704,0.0015042803474599
20220705,-0.0019741044859036
20220706,0.0096999907749417
20220707,0.0032203876962056
20220708,-0.0074618805143925
20220711,-0.0015848889328849
20220712,0.0037677413812391
20220713,0.0016237890775398
20220714,-0.0090171689435238
20220715,0.0426367126106839
20220718,0.0250021504405834
20220719,0.0212413022686429
20220720,0.0047707889464403
20220721,0.0077195453897182
20220722,6.260637791656309e-05
20220725,0.0118103282950912
20220726,0.0313058166552604
20220727,0.0117425912343859
20220728,0.0050048029466258
20220729,-0.0033145815324294
20220801,-0.0172905365049369
20220802,-0.00991275856333
20220803,0.0003677796402027
20220804,-0.0135365477491473
20220805,0.0082492088141935
20220808,0.0027286667594089
20220809,0.0231663211495149
20220810,-0.0025855866592921
20220811,-0.0020029995183276
20220812,0.016553216360197
20220815,0.0200234205008272
20220816,0.0102237796882917
20220817,-0.0039951079125638
20220818,-0.0140319909710669
20220819,-0.0092265183363075
20220822,-0.0039407570309196
20220823,-0.0079000624904732
20220824,-0.0069867272673406
20220825,-0.0048651304477712
20220826,0.0037831208955079
20220829,-0.0073788647659368
20220830,-0.0173709484708437
20220831,-0.0056917562864604
20220901,0.0057822092114183
20220902,0.0101697106274254
20220905,0.017691882996476
20220906,0.0104221486591174
20220907,-0.0020884608538691
20220908,-0.0149289115555698
20220909,-0.0031110539754099
20220913,-0.0060878586431057
20220914,-0.006497944410138
20220915,-0.0162862795457184
20220916,-0.0122388422623012
20220919,0.011353615831542
20220920,0.0164419806481661
20220921,0.0090915231783917
20220922,-0.0101106256802379
20220923,-0.0090984900610513
20220926,0.0010780185778801
20220927,-0.0060514136958373
20220928,-0.014989071781571
20220929,-0.0110715733955704
20220930,-0.0127100405237473
20221010,0.0164036065750111
20221011,0.020244096707604
20221012,0.0154813466408673
20221013,0.0178894964757729
20221014,0.0156095967078422
20221017,0.0088938247496683
20221018,-0.0001026521156742
20221019,-0.0038438172899526
20221020,-0.0098371315484796
20221021,-0.0126910463193234
20221024,-0.0068076454650387
20221025,0.0178429498064103
20221026,0.0128356565892678
20221027,-0.0181701995893045
20221028,-0.0083472718963411
20221031,0.0142205511776018
20221101,0.0243045533326242
20221102,0.0022718683855787
20221103,0.0089514934889447
20221104,0.0082539272267697
20221107,0.0140870317514712
20221108,0.003675444201488
20221109,0.0
20221110,-0.0008033883126996
20221111,-0.0115637587091949
20221114,0.025747097727392
20221115,0.0078452090528938
20221116,-0.001021346615051
20221117,-0.0012031877860211
20221118,-0.0061000158398347
20221121,0.0081625372124282
20221122,-0.0034044655799097
20221123,0.0064432255703815
20221124,0.0307595802113283
20221125,0.0111366618542664
20221128,0.0083396214361072
20221129,0.0009637565695008
20221130,-0.0024682113776041
20221201,-0.0006449536615606
20221202,0.0089989212331635
20221205,-0.0131280345949053
20221206,-0.000417877110813
20221207,0.0041621643345943
20221208,0.0033741105675242
20221209,-0.0064912341857213
20221212,0.0035040733672435
20221213,-0.0027515160267667
20221214,-0.0038019298964514
20221215,-0.0025985537993294
20221216,-0.0109764789727528
20221219,-0.0113893553944196
20221220,-0.0046695279987837
20221221,-0.015274655797388
20221222,0.0145450509136936
20221223,0.0020358662570762
20221226,0.004684145202594
20221227,-0.0106408587139499
20221228,-0.002059788093068
20221229,0.004315812600125
20221230,0.0104973337071672
20230103,0.0118971520348007
20230104,-0.0047169243005032
20230105,0.0018513110260917
20230106,-0.0053956593980946
20230109,0.004735148903047
20230110,0.0015578408640339
20230111,-0.0044820168853103
20230112,-0.0041089355852834
20230113,0.002462019281729
20230116,-0.0096954848378463
20230117,-0.0043508178237884
20230118,0.0023111993117291
20230119,0.0015100842934833
20230120,0.0107463661588637
20230130,0.0133924609490412
20230131,0.0191023379587445
20230201,0.0005362374115173
20230202,0.0021992951018513
20230203,-0.0048492918756635
20230206,-0.0005441995641055
20230207,-0.0047943186910923
20230208,0.0019569594584125
20230209,-0.001652488840243
20230210,0.003407693998959
20230213,0.001724607968711
20230214,-0.000144142700846
20230215,-0.0063927611306959
20230216,-0.0018432968959865
20230217,0.0020477243063488
20230220,0.0029399982275123
20230221,-0.0027192847805338
20230222,-0.0021937484614129
20230223,-0.0071101635433877
20230224,-0.0051641334044656
20230227,0.0022541758620177
20230228,0.0079845723064591
20230301,0.0090709091715799
20230302,-0.0069214045643768
20230303,0.0018195068876403
20230306,-0.0107423110954144
20230307,-0.0045175120373145
20230308,0.004716494517768
20230309,0.0007169436396451
20230310,-0.0054109001304803
20230313,-0.0069255082852771
20230314,-0.00157368332836
20230315,-0.0099451347572274
20230316,-0.004241178270206
20230317,0.0050599650106263
20230320,0.0111386753925721
20230321,0.0116446390377298
20230322,-0.0013572839924626
20230323,-0.0040728296650582
20230324,-0.0061435696004523
20230327,-0.001547014612147
20230328,-0.00679390417789
20230329,-0.0116337162347221
20230330,0.0012890908077708
20230331,0.0193125141896444
20230403,0.0089023260310028
20230404,-0.0108700181730539
20230406,0.0059206845698976
20230407,0.0081028115765395
20230410,-0.0008375435266905
20230411,0.0151160690673804
20230412,0.0085585554296841
20230413,-0.0036397632074453
20230414,-0.0114342367005053
20230417,-0.0034342303154921
20230418,-0.0039719439470089
20230419,0.0004734573036555
20230420,0.0029884099141823
20230421,-0.0017491683495734
20230424,-0.0120825320248318
20230425,-0.013012463734273
20230426,-0.0030344777338055
20230427,0.0214839231427256
20230428,0.0175821735839925
20230504,0.0103228448340813
20230505,-0.0010491628404728
20230508,-0.007080719748857
20230509,-0.0035744690715215
20230510,-0.0032049127887957
20230511,0.0113882049997588
20230512,-0.0003347454178132
20230515,-0.0101505210874317
20230516,0.0001430791953937
20230517,0.0180168103308799
20230518,-0.000255488419978
20230519,-0.0069760383130773
20230522,0.0020228535039819
20230523,-0.0009585870684448
20230524,0.0076649868692417
20230525,0.0075834651032617
20230526,0.0064029553252408
20230529,0.0019065313848389
20230530,-0.0006864616346888
20230531,0.0141242820287317
20230601,0.0076280617520129
20230602,0.0073959891857423
20230605,0.0021906790880084
20230606,-0.0017623700763533
20230607,9.609990890596838e-06
20230608,-0.004679464223096
20230609,0.0140832932962082
20230612,0.0070935404312231
20230613,-0.0026266058101754
20230614,-0.0007706862488969
20230615,-0.0097072828365231
20230616,-0.000333119837982
20230619,1.9584749649970146e-05
20230620,0.0042846315000644
20230621,-0.0100191903983756
20230626,0.0015285808252419
20230627,0.007795018182299
20230628,0.0029022173362043
20230629,0.0185944671787896
20230630,0.0043174107678492
20230703,0.0042671730348052
20230704,0.0017076759969663
20230705,-0.0038127524887058
20230706,-0.0004191297843125
20230707,0.0030160890591907
20230710,-0.0073909644340336
20230711,-0.0051979004229822
20230712,0.0004523685581649
20230713,0.0089350399168495
20230714,-0.0011609962385745
20230717,-0.0006242383774165
20230718,0.0041038610572857
20230719,-8.654025696506473e-05
20230720,-0.0057509816731596
20230721,0.002775089901485
20230724,0.0029803579518566
20230725,0.0066857011020756
20230726,-0.0027076225820246
20230727,-0.0001671046239139
20230728,0.0249539160026981
20230731,0.0012560466086577
20230801,0.0041065626579789
20230802,0.0076422737740981
20230803,-0.0004957267694472
20230804,-0.0007280705615211
20230807,-0.0082480361340806
20230808,-0.0067408968120645
20230809,-0.0020320494700909
20230810,-0.0009208568612416
20230811,-0.0041817038270496
20230814,-4.339341528633544e-05
20230815,0.0026721268710821
20230816,-0.0024344567598276
20230817,0.0001977443735186
20230818,-0.0139068123490838
20230821,0.0150822763050136
20230822,-0.0024549065958325
20230823,-0.0028215243244413
20230824,-0.0139993093632021
20230825,0.0128045683799008
20230828,0.0107146150240201
20230829,0.0252156030643335
20230830,0.0048736263681274
20230831,-0.0074289154921088
20230901,0.0003058599185521
20230904,-0.0102884321371383
20230905,0.0020601319542313
20230906,-0.0039142070010509
20230907,-0.0126169362063154
20230908,-0.0045462428042102
20230911,0.0039577979025384
20230912,-0.0027866168593503
20230913,0.000721864914864
20230914,-0.0027191304359503
20230915,-0.0003669828023011
20230918,0.0093172021325084
20230919,-0.0053431390081916
20230920,-0.0039336464403882
20230921,0.0044921597634109
20230922,0.0058606158354779
20230925,0.006303463357153
20230926,0.0025471898258053
20230927,0.0039682889807356
20230928,0.0091391713066293
20231009,0.0115961634138415
20231010,-0.0072764148323234
20231011,0.0054014067820353
20231012,0.001019772281598
20231013,0.0013730939406979
20231016,-0.0093159371521038
20231017,-0.0039863996994272
20231018,-0.0077036067830466
20231019,-0.0078618566063163
20231020,-0.018150826049675
20231023,0.0050758099812381
20231024,0.0297699731658029
20231025,0.0027740557701779
20231026,-0.0010219522892814
20231027,0.0035785179154463
20231030,0.0009943267017164
20231031,-0.0011774575476603
20231101,-0.0045396881379301
20231102,-0.0004031289677441
20231103,0.0137811728580396
20231106,0.0160489622771014
20231107,0.0041162240333596
20231108,-0.0046356866174575
20231109,0.0033947641279916
20231110,0.0013907463484488
20231113,0.001570490278283
20231114,0.0078181707610255
20231115,-0.0020113710829736
20231116,0.0031627212545126
20231117,0.0148420419277198
20231120,0.0030799532875658
20231121,-0.0017586389539086
20231122,0.0028809016310222
20231123,-0.0052650879435956
20231124,-0.0099152066665369
20231127,0.0121027714018981
20231128,0.0047385886149374
20231129,0.0029281472101288
20231130,0.0036992697072033
20231201,0.0082365727478073
20231204,-0.0123316059953453
20231205,-0.0146942378212681
20231206,0.0080442841959981
20231207,0.0020235779108354
20231208,-0.0021357703553371
20231211,0.013763892881252
20231212,0.0111678913730217
20231213,-0.0076699689374149
20231214,-0.0020696182444447
20231215,0.0058872103803465
20231218,-0.005529432614926
20231219,-0.0127727603372907
20231220,0.0039604660771547
20231221,-0.0178106219540386
20231222,-0.0242222002841592
20231225,-0.0034224497772251
20231226,0.006484512851127
20231227,0.0097068720245447
20231228,0.0069177890856863
20231229,0.0100591025160582
20240102,0.0021313340400375
20240103,-0.0029889123646229
20240104,-0.000989126031298
20240105,-0.0022165198706151
20240108,0.0018185936762854
20240109,-0.0074182295772612
20240110,0.0194030481638173
20240111,-0.005292182696971
20240112,-0.0135425511891194
20240115,-0.00127832844524
20240116,-0.007423009447045
20240117,-0.0091934058153797
20240118,-0.0048592046791746
20240119,-0.0082501415103788
20240122,-0.032049371701504
20240123,0.0136558363201693
20240124,0.0287390650497744
20240125,0.0180553707746224
20240126,-0.0283150049947672
20240129,-0.0316938175110539
20240130,-0.0289036400539233
20240131,-0.0410047781639249
20240201,-0.0235053516692539
20240202,-0.0856064799189758
20240205,-0.0410577178948889
20240206,0.0202445418207873
20240207,0.0184467853782895
20240208,0.1052934990810524
20240219,0.0368074312078874
20240220,0.0234298122721836
20240221,0.015859000325604
20240222,0.0319091511005896
20240223,0.0098928180570099
20240226,0.0353838564335353
20240227,-0.0280682563405847
20240228,-0.0237740348691693
20240229,0.0205584766195186
20240301,-0.0001859879459581
20240304,-0.010716588191813
20240305,0.0005555997916723
20240306,0.000764087304587
20240307,0.000248632531138
20240308,0.0041469616801511
20240311,0.0452111300980449
20240312,0.0099545643637253
20240313,0.0005469945529633
20240314,0.0036197067655667
20240315,0.0170294339989961
20240318,0.0053898228268251
20240319,0.0221074583399678
20240320,0.0535940898796438
20240321,0.0025693050319903
20240322,-0.0091722082307269
20240325,-0.0021776804487811
20240326,-0.0061645598445829
20240327,-0.0021253606911296
20240328,0.0208672429566491
20240329,0.0182929363527594
20240401,0.0123244199282868
20240402,0.0119154905782386
20240403,-0.0127789619498361
20240408,0.0026923282080486
20240409,-0.0073236027613804
20240410,0.0005232658058253
20240411,-0.0053369457794612
20240412,-0.0336580217569766
20240415,-0.0668371072274203
20240416,0.0096722146453114
20240417,0.0273425194177455
20240418,0.0051305409510074
20240419,-0.0130445808363271
20240422,-0.0039639853399327
20240423,0.0163626475289805
20240424,0.0066928834914922
20240425,0.0047243689195123
20240426,0.0193341163310443
20240429,0.0153437752210408
20240430,0.0038009524398238
20240506,0.0037073726129558
20240507,-0.0102840847427354
20240508,0.0023901106367294
20240509,-0.006108404471892
20240510,-0.00396635960779
20240513,-0.0003712550225513
20240514,0.0021099200431044
20240515,0.0161026308593782
20240516,0.0050348999395831
20240517,0.0019742808885856
20240520,-0.0035261273347666
20240521,-0.0014822920144577
20240522,-0.0157350986169372
20240523,-0.0057013958259838
20240524,0.0005631745329394
20240527,0.0004924662009551
20240528,-0.0014138460878457
20240529,-0.0139752109298707
20240530,-0.0089092571026308
20240531,-0.012047272140406
20240603,0.0036014590272786
20240604,-0.0037979580164485
20240605,-0.0093942197959808
20240606,-0.0028025436575048
20240607,0.0032480324613051
20240611,0.0104595147463907
20240612,-0.0039011006994394
20240613,-0.0083736743165274
20240614,0.0044610924811145
20240617,0.0039070624271177
20240618,0.0058571877532253
20240619,-0.0066321576637315
20240620,-0.0104849679731107
20240621,-0.0204055969905959
20240624,-0.0045855886304111
20240625,0.0161572020408148
20240626,0.0165189727547047
20240627,0.0008372783477114
20240628,0.006464986313586
20240701,0.0085122644745514
20240702,0.0079816863663863
20240703,-0.0094297485385511
20240704,-0.0097070104176991
20240705,-0.0038567578803976
20240708,-0.0010188318981805
20240709,-0.0019333613244636
20240710,0.0282649559453184
20240711,0.0062122921614289
20240712,-0.0141964461563851
20240715,-0.0052514128590638
20240716,-0.0021280818383869
20240717,-0.0034105505604602
20240718,0.0043730016029568
20240719,0.0041099231822869
20240722,0.0337617977686684
20240723,-0.0120414948027895
20240724,-0.0014246067917029
20240725,0.0068662329367082
20240726,0.0078968096567785
20240729,0.0038889667067462
20240730,0.0180719187456552
20240731,0.0154270913955909
20240801,-0.0077654605484445
20240802,0.0036680301173113
20240805,0.0124233967983121
20240806,0.0086691059487487
20240807,-0.0082449628636759
20240808,0.0003227197491145
20240809,-0.02140508104884
20240812,-0.0001052146851241
20240813,0.0038650656771769
20240814,0.0109014151935931
20240815,-0.0043839185429385
20240816,-0.0068281434305395
20240819,0.0021240193559836
20240820,-0.0004641282611138
20240821,-0.0042069551026717
20240822,-0.0142102030867024
20240823,0.0088457460164638
20240826,8.408610606148725e-05
20240827,-0.004036121250465
20240828,0.0070619655805131
20240829,0.0151318292238777
20240830,0.0226342352415533
20240902,0.00086092821335
20240903,-0.0032687296942543
20240904,0.0039592672528105
20240905,-0.007637053149308
20240906,-0.0012442667233359
20240909,0.0055352553510016
20240910,-0.0033951098881235
20240911,0.0040830182210625
20240912,-0.008083805715892
20240913,-0.0171987699589152
20240918,0.017507940884318
20240919,0.0103391298367855
20240920,0.0028573667308766
20240923,0.0093632292707779
20240924,0.0197066755855588
20240925,0.0416533161233507
20240926,0.0523878800326184
20240927,0.0673798836317494
20240930,0.0461851106253892
20241008,-0.053817027122149
20241009,-0.0025481252880143
20241010,-0.0113181772557184
20241011,0.0097920635304821
20241014,0.0120707608473635
20241015,0.013464730812286
20241016,0.0088613494738727
20241017,-0.0001158472386623
20241018,0.0203087201547044
20241021,0.0122291155852489
20241022,0.0157015778852812
20241023,0.0060796399514959
20241024,0.1059233553243504
20241025,0.022952414980286
20241028,0.0070040651463723
20241029,0.0013693969256851
20241030,0.0214941408062281
20241031,0.0063950319495436
20241101,-0.0051893107719933
20241104,0.0263979716935028
20241105,0.0240248973312418
20241106,0.0025902887173761
20241107,0.019836139800583
20241108,-0.001671946628539
20241111,-0.0042648397166168
20241112,0.0010617356763783
20241113,-0.0156764415600762
20241114,-0.0036599659132894
20241115,-0.0194352498383172
20241118,0.0136607447281499
20241119,0.0063042361290885
20241120,0.0032108274104389
20241121,-0.0114951115144714
20241122,-0.0069503581466715
20241125,-0.0010936815817481
20241126,0.0133416036257661
20241127,0.0447528466105797
20241128,0.0194401818864091
20241129,0.009001088861646
20241202,0.0240959563497578
20241203,0.0026727750603024
20241204,0.0198516062874902
20241205,0.0289272915451117
20241206,0.0080836350615017
20241209,0.003129638584138
20241210,0.0135467093899643
20241211,0.0288614888567228
20241212,-0.0043427772538041
20241213,-0.0014609418493202
20241216,-0.0251881414925529
20241217,-0.0168054262269382
20241218,-0.0043107772490977
20241219,-0.0062196047353838
20241220,-0.0317357881070567
20241223,-0.0222900798086586
20241224,-0.0125282077207277
20241225,0.0093369233090381
20241226,-0.0004484985234044
20241227,-0.0086006410441808
20241230,-0.0076006121780126
20241231,-0.0169347062417292
20250102,0.0115168519898244
20250103,-0.0139371637953771
20250106,0.026205663441246
20250107,0.0258908964086033
20250108,0.0143642494503077
20250109,-0.0093611390484522
20250110,-0.0324734321733616
20250113,0.0309745708748653
20250114,0.0184324371072578
20250115,0.012206820293608
20250116,-0.0168573550335577
20250117,0.0089811911817755
20250120,0.0015192165644356
20250121,-0.0127921921094432
20250122,0.0004098353570009
20250123,-0.0112030610473046
20250124,0.0197773184148871
20250127,0.0053932089592816
20250205,0.0293993556050703
20250206,0.0092689335621661
20250207,0.034864659231027
20250210,0.0146630738321478
20250211,0.0047831182884728
20250212,0.0117296027378679
20250213,-0.0023015847509489
20250214,0.0111460415270251
20250217,-0.0123945793794048
20250218,0.0052993868274565
20250219,0.0178158823368356
20250220,0.0007712064934069
20250221,0.0088542528281823
20250224,0.0089164483266563
20250225,0.0137105357844811
20250226,0.0029208324431431
20250227,-0.0185176005931031
20250228,-0.0043905937375517
20250303,-0.0025168427535228
20250304,0.02019507658176
20250305,0.0101156167441515
20250306,-0.0012036920432756
20250307,-0.0055769847331236
20250310,0.0128563803860101
20250311,0.006832906008064
20250312,-0.0025298296366809
20250313,-0.0066307584109171
20250314,0.0071171695283344
20250317,-0.0067311420268054
20250318,-0.0018137468627773
20250319,-0.0033420157644282
20250320,-0.0066573433974933
20250321,-0.0101169174306346
20250324,-0.0070084211658211
20250325,-0.0011670086482583
20250326,-0.0168635948980167
20250327,-0.0069864387960436
20250328,-0.0163487487364187
20250331,0.0031673363136634
20250401,-0.0036187349745935
20250402,-0.0021032242533661
20250403,-0.0323141144704054
20250407,-0.0341611118665463
20250408,0.0189158529691723
20250409,0.0554837041524463
20250410,0.0053676165031072
20250411,0.0095960890527452
20250414,0.0039348634983147
20250415,-0.0109296582627021
20250416,-0.0085158570085157
20250417,0.0064979596388854
20250418,0.019706707020106
20250421,0.0056814524086659
20250422,-0.0055526051973046
20250423,-0.0037129944339854
20250424,-0.0057999538680593
20250425,-0.0029152657850143
20250428,-0.0078705147271187
20250429,0.0130882549513112
20250430,0.0134896028348485
20250506,0.0054326261268125
20250507,0.0024848316442876
20250508,-0.0050090293555313
20250509,-0.0007877564860378
20250512,0.0013831411014394
20250513,-0.0028013707734134
20250514,2.5268926517696585e-05
20250515,-0.0004983389864853
20250516,0.0250072597543266
20250519,0.0048574039831699
20250520,-0.0037756744373608
20250521,-0.0002392220663809
20250522,0.0039036282790399
20250523,0.0008584054009457
20250526,0.0115699181601886
20250527,0.0065168691414306
20250528,0.006592234680721
20250529,-0.0007280996689431
20250530,-0.0031393484313114
20250603,0.0028063395155232
20250604,0.00578852722171
20250605,-0.0054136090609344
20250606,0.0001276155358961
20250609,0.0145126565641932
20250610,-0.0024814990084605
20250611,0.0039563456695639
20250612,-0.0133244541183267
20250613,0.0037291475940573
20250616,0.0065030324451736
20250617,-0.0052126268520451
20250618,-0.0012783158312837
20250619,-0.0093948980842961
20250620,0.012068499166561
20250623,0.0199494004083181
20250624,0.0014377640658088
20250625,0.0011358088257614
20250626,-0.0003997174424604
20250627,0.0063766242128155
20250630,0.0139586668904455
20250701,-0.0139892894791687
20250702,0.0031296729388289
20250703,-0.0062794303077121
20250704,0.0059540413849081
20250707,0.0067809249309815
20250708,0.0004965616727546
20250709,0.0002815236525577
20250710,0.0071087892460797
20250711,-0.0008290525709789
20250714,-0.0053650968189483
20250715,-0.0034499881513954
20250716,0.0099505352675271
20250717,-0.0027483286768901
20250718,0.0036808377744959
20250721,0.0065225586853814
20250722,-0.0079767581580178
20250723,-0.0025172884391912
20250724,-0.0009986860649086
20250725,0.0050841083771067
20250728,0.0089633209458873
20250729,-0.0066056227549196
20250730,-0.0066037776316819
20250731,-0.0065247587955186
20250801,0.0131122105047158
20250804,0.0191164482582142
20250805,0.0081465618300801
20250806,0.0140201077296938
20250807,0.0033932879850207
20250808,0.0148422515379978
20250811,-0.0031301559957785
20250812,0.0103899651022083
20250813,0.0029302223278939
20250814,-0.0027741598376326
20250815,0.0182408170111823
20250818,0.0082205207731491
20250819,0.0080692774586715
20250820,0.0052010822909148
20250821,0.0025245781803615
20250822,0.0066268548356535
20250825,0.0020069430672881
20250826,-0.0089391464333908
20250827,-0.0079550848454718
20250828,-0.0071821565054894
20250829,-0.0015902381340425
20250901,0.0012389478893861
20250902,-0.0151491487095617
20250903,-0.0080710539671518
20250904,0.0155638736238352
20250905,0.0254588485923931
20250908,0.0058341636187184
20250909,0.0338410994112871
20250910,0.0021597499070353
20250911,0.0092116976483044
20250912,0.0026407929202532
20250915,0.0105681438417145
20250916,0.0202656882570604
20250917,-0.0032515621809667
20250918,-0.0186635823993897
20250919,0.0034249988647498
20250922,-0.0011720134599359
20250923,-0.0018817607741927
20250924,-0.0017349232163512
20250925,-0.0164960503658108
20250926,0.0072093459423937
20250929,0.003593434380999
20250930,0.0005825834128008
20251009,0.0032410692656117
20251010,-0.003590255544646
20251013,0.0067609315699779
20251014,-0.0096321607097406
20251015,-0.0027759793646012
20251016,0.0056467825766668
20251017,-0.0099078308842571
20251020,0.0053109259394183
20251021,0.0032722245375206
20251022,-0.010706334827576
20251023,0.0105690406782481
20251024,0.0017015033572888
20251027,0.0065781674046989
20251028,0.0108768092667639
20251029,0.0048204762527992
20251030,-0.0092311953975519
20251031,0.0262466711348225
20251103,0.0165621201040674
20251104,0.0043594369090998
20251105,0.006431784596303
20251106,0.0160450185554528
20251107,0.0027138173121151
20251110,0.0027933015084972
20251111,0.0030870290035504
20251112,0.0030646334262477
20251113,0.0030514038558227
20251114,0.0084632687390547
20251117,-0.0039611959152739
20251118,-0.0056852931806215
20251119,-0.0159342396110586
20251120,-0.0188363379476259
20251121,-0.0087125688797311
20251124,0.0057355066417425
20251125,0.0125363790343562
20251126,-0.0150603269577893
20251127,0.0088737694952979
20251128,0.0082143893643262
20251201,0.0102834895881058
20251202,0.0290554738231131
20251203,0.0006538681745234
20251204,0.0018994469875162
20251205,0.0154264109311611
20251208,-0.0028178394055508
20251209,0.0019681168975597
20251210,-0.0052868469929859
20251211,0.0024579645732981
20251212,-0.0018689496334833
20251215,-0.0105474926566627
20251216,-0.0105960437392722
20251217,0.0041229070227954
20251218,0.0248690388948666
20251219,0.0174669195542553
20251222,-0.0002974275641608
20251223,-0.0044498245439048
20251224,0.0061979079681534
20251225,0.0013384476572854
20251226,0.0173118587798445
20251229,-0.0177250916244708
20251230,-0.001739407705518
20251231,0.0125975054032434
20260105,0.0123107197299806
20260106,0.006385287011489
20260107,0.0
